Metabolite,Ylypol_F535_R1_mal_01,Ylypol_F535_R2_mal_02,Ylypol_F535_R3_mal_03,Ylypol_F570_R1_mal_04,Ylypol_F570_R2_mal_05,Ylypol_F570_R3_mal_06,Ylypol_F580_R1_mal_07,Ylypol_F580_R2_mal_08,Ylypol_F580_R3_mal_09,Ylypol_F584_R1_mal_10,Ylypol_F584_R2_mal_11,Ylypol_F584_R3_mal_12,Ylypol_glu_F535_R1_13,Ylypol_glu_F535_R2_14,Ylypol_glu_F535_R3_15,Ylypol_glu_F570_R1_16,Ylypol_glu_F570_R2_17,Ylypol_glu_F570_R3_18,Ylypol_glu_F580_R1_19,Ylypol_glu_F580_R2_20,Ylypol_glu_F580_R3_21,Ylypol_glu_F584_R1_22,Ylypol_glu_F584_R2_23,Ylypol_glu_F584_R3_24
1-monopalmitin,407609.0129,225031.1576,551884.2767,803373.4989,360731.0629,84177.39097000001,438280.8662,321857.387,250200.0969,674239.9063,114226.6443,83356.16196,458684.7014,358823.70200000005,375645.9097,256930.9565,505537.8572,817439.8051,508233.9352,464693.7708,451858.7857,604928.5862,349772.8071,654748.3944
"2,3-dihydroxybutanoic acid*",553460.5464,912028.8058,638742.1478,268907.9017,228813.3786,258792.3685,216255.5188,282240.5687,169270.7514,281954.4384,271350.2406,209289.6185,241774.2769,348075.0881,458051.8969,847337.4635,1041676.5809999999,842830.6109999999,362780.2165,262731.2242,374697.0468,670156.051,546626.8111,385902.8613
2-aminobutyric acid*,215689.0103,307294.7735,48028.871680000004,1663450.379,1514517.7980000002,5298796.175,4221814.132,4799038.623,2292435.82,2253734.687,4095956.979,2036275.975,1468685.404,1025540.613,756162.9161,1235709.895,1534979.427,212622.4826,451324.3921,976507.0425,1384633.29,908988.9468,1079171.728,24167.27403
2-erythropentitol*,701318.1706,999472.6323,1043697.7159999999,1568759.3280000002,1184177.591,1719199.759,7823652.441000001,1405504.6030000001,1359263.5790000001,973952.0,689265.2342,938725.4225,627045.0,996634.0,759929.322,973428.0,1126542.048,761225.0,626826.0,483948.7977,6816178.15,840904.0,780965.0,527141.0
2-hydroxyoct-2-enoic acid*,1601952.6,3126758.715,1694364.03,0.0,0.0,0.0,0.0,0.0,0.0,0.0,0.0,0.0,477679.7749,505584.4684,643665.4599,0.0,0.0,0.0,0.0,0.0,0.0,0.0,0.0,0.0
2-hydroxyglutaric acid,146876.9454,49176.984410000005,153591.927,2777250.508,2332092.483,3073452.2010000004,1810141.219,2293554.024,2073115.731,3837254.2060000002,3350915.293,4008666.15,1508881.909,2117491.749,2279673.042,3366653.4489999996,3183063.732,3217067.5530000003,1852300.2219999998,1729135.304,1793009.394,3481668.329,3370024.478,2078505.263
2-hydroxypyridine,989852.1367,1326131.7759999998,1124994.001,1720538.979,933635.3865,1547525.67,1296459.034,1590919.3569999998,1368351.6819999998,2112769.4390000002,961517.3192,1166398.252,859416.1449,1529414.417,1323566.545,1388509.025,833391.5038,1056453.2920000001,1184613.533,1341371.722,1096087.744,1338749.024,1311932.869,1139523.66
2-isopropylmalic acid,22678887.54,28263913.16,19760427.53,0.0,0.0,0.0,0.0,0.0,0.0,0.0,0.0,0.0,6074999.364,6483200.961,7036812.671,0.0,0.0,0.0,0.0,0.0,0.0,0.0,0.0,0.0
2-phosphoglyceric acid,26258.39928,28538.63092,21707.63908,85252.95099,67348.70247999999,78112.5688,82523.71577000001,79458.99954,63393.19511,125561.8294,169580.5863,83986.48221,57168.53638,56623.475210000004,49066.006389999995,76302.68527999999,83880.20302,95661.53947999999,49502.45434,32364.93848,67272.97737000001,45286.99609,90522.61147999999,52570.8742
3-hydroxyisobutyric acid,62841.66941,106391.6874,53203.23543,54136.469670000006,75193.97425,79751.42511,56266.766429999996,81436.63897999999,66021.80927,95738.17674,63758.74985,49346.11133,68931.22727,152295.2185,98077.71556,175202.3638,303714.8245,173334.8541,85184.52406,74203.54962,94720.35888,161195.3228,148231.2893,80893.60042
3-phosphoglyceric acid,1988753.025,1991399.955,1715490.265,4620268.451,3567410.567,4296375.087,4261782.721,4472120.344,3414667.062,5671791.18,6862701.437000001,4139385.357,2592033.551,3343242.9060000004,2685223.8589999997,3987595.453,4132975.704,4632359.462,2570375.805,2254782.9669999997,3325931.3210000005,2816159.543,4163109.035,2238641.284
4-guanidinobutyric acid,1113700.0559999999,1440276.409,625855.8948,2565203.152,2194171.996,1563060.889,2521933.764,1798244.249,1245181.472,3190406.7369999997,3052718.43,3250169.833,20707321.98,32784839.37,36847680.52,44758488.26,36680220.77,58032142.14,23254794.37,17845010.87,30382636.4,49654195.16,47605007.34,29556771.25
4-hydroxybutyric acid*,406565.8987,902382.9479,644033.1856,978529.9444,514939.0975,1347652.034,716154.6143,1297735.3,1293426.885,1086439.654,592873.1459,737885.8854,677236.5299,1693274.4880000001,1267293.07,1396805.1719999998,1342775.049,1540845.815,752562.8769,1249342.365,723542.3888,1570392.4340000001,2002468.501,1102170.449
5-methylthioadenosine,328072.8,715939.051,399552.9111,49853.76678,118543.10699999999,68688.87595,65965.93772999999,84180.76529,64210.70877999999,0.0,35807.7775,121612.0487,34648.31807,53049.810289999994,51667.56147,55115.70457,46979.71725,9303.768923,38743.37373,26720.71021,42690.943230000004,73623.24816,35138.00581,52651.051530000004
adenine,2626148.949,3658064.238,3340269.193,1913815.6930000002,1524473.142,2013870.68,1477214.075,2009891.697,1639622.3369999998,2252667.442,1410736.096,1832737.053,1442940.145,960625.2629999999,1420641.6409999998,1959025.985,389230.56200000003,1291815.018,1819338.216,1612850.0359999998,1903172.8169999998,1229153.746,1424195.635,1156491.936
arabitol,2164734.683,2077662.945,1840841.429,2535603.369,1862532.2680000002,2488644.786,1740232.354,2490249.809,1841870.313,2168136.374,1770392.017,1749396.985,1521808.8369999998,7792138.927999999,3039676.606,6409258.546,3913652.42,7285263.028,1940339.108,1845987.5890000002,1715473.382,3419628.405,3300852.258,1674160.0480000002
beta-alanine,10118146.01,13975900.12,7786302.941000001,9477028.297,7559866.755,10142354.09,7978001.203,10330716.13,8498710.749,10529122.89,9218290.252,7872533.007999999,7106350.552,9073059.29,9088745.531,7620555.371,8889744.755,5202085.958000001,9977614.746,9128676.978,8205332.571,6587958.3379999995,8627620.774,6029495.978999999
carbonate ion,4377311.039,9479670.511,5765288.807,7417172.5770000005,5524033.444,3634950.535,4525503.771000001,4637443.211,3191370.622,6549532.262999999,4349365.601,4155762.39,2885930.327,4510505.715,4081160.994,5109597.8,7735857.429,5889559.742000001,6461689.216,3839533.8419999997,3639118.2610000004,4151040.402,3633090.33,5318474.379
citric acid,4972714.438,2755359.97,4005391.1180000002,11741156.85,9728966.915,11951446.58,10831130.82,12089394.25,8366171.35,14746826.06,16653112.6,10225757.7,3708855.249,4264702.073,4546350.991,7393819.981000001,6291524.262,4311037.072,4047521.8880000003,3350242.651,4418550.873,10486382.13,9234167.465,5887541.647000001
D-fructose 6-phosphate,657955.4471,915078.4927,654929.0024,897463.0193,646362.9952,824251.6333,854895.3512,802173.0902,590887.9607,721679.6788,858856.4021,449168.1018,843553.2781,1223743.045,1341534.993,2142583.036,2375278.691,1682493.525,959249.6471,716768.5907,1312184.37,1497173.896,2042113.8080000002,874424.2818
D-glucose,1334919.501,2561607.668,1407014.68,1661863.294,1127950.264,1435859.89,1498570.717,1505012.094,1017359.179,1511072.325,1297783.035,955152.9770000001,2348235.61,3195033.502,3280016.586,5039723.718,7029122.362000001,4728414.708000001,1764015.5790000001,1871666.221,2118410.998,3851186.7430000002,6173303.543,2369924.335
D-glucose 6-phosphate,695688.8398,969464.4853,654889.1127,961205.8546,648015.2941,905842.8457,915113.8036,992424.3689,606411.6546,775165.0343,876709.2919,415152.8056,770856.6501,1126304.358,1325742.145,1899036.208,2397073.16,1618610.427,858636.2275,648767.8834,1194072.305,1538269.122,2185193.969,883334.7161
D-mannitol,115087997.4,122113990.8,112100179.1,134551091.6,120574684.8,139091799.5,142762028.8,135402938.3,128819789.0,147832267.1,141154707.1,128411772.2,17985938.17,50338295.71,40751615.83,64159711.63,88766088.88,68313124.98,21778719.32,19261506.97,21643573.78,106636812.3,82272910.99,43977855.7
D-mannose,0.0,104570.57,0.0,181978.1091,105947.0501,140709.0579,158868.7025,157223.2835,96264.34767,182276.5214,157818.7414,128115.6484,0.0,0.0,148598.5301,230650.3682,364715.3705,0.0,0.0,0.0,107897.4222,261114.8513,305654.6138,143015.3571
D-ribose 5-phosphate,0.0,54705.922829999996,41284.02996,217310.9071,92804.18678999999,224138.8863,211526.6002,231183.9882,157982.6993,234913.1538,218175.897,104134.9753,39338.0,158664.1417,57082.888479999994,167634.2061,375556.5391,205234.3613,109622.67800000001,156197.9865,211055.9964,102104.8828,84299.09787,116947.7458
D-trehalose,2117546.068,2671112.676,1739700.209,1348082.601,1480312.165,1493650.823,1469725.48,1323781.308,1032895.253,1946097.371,2408032.32,1369670.0259999998,1980088.8090000001,2356791.673,1981510.525,2089843.716,2999202.087,2213585.681,1807687.906,1550671.696,2297996.684,2105525.555,2753485.355,1582814.781
fructose,13639271.39,13680782.8,10579062.05,6822568.704,6019055.365,8118823.329,7416745.235,7370165.374,5801107.944,8485797.995,8362115.522000001,5910437.52,5776237.216,9794410.076,9053739.082,9823906.024,13603398.61,10438409.14,6839566.286,5361538.188,7020987.993,13448143.84,14831204.35,8403746.541000001
fumaric acid,9330720.577,8829969.758,6461609.241,29232034.47,23462901.19,30687641.08,20328058.73,28672544.59,18073938.14,49092082.2,38545773.02,43045730.58,7483334.7870000005,9213054.022,8673677.468,13547180.35,20366206.99,19223012.48,9653387.055,8415144.287999999,9279841.76,13429903.26,17391557.53,10705686.84
glyceric acid,201721.4235,218952.6348,96230.46772,436636.81299999997,370616.8022,504723.6375,279822.1444,500275.3511,356701.7439,594208.2543,551232.422,512836.7945,137299.0786,237685.6655,261693.5913,291109.661,331349.7984,356881.4978,162660.9954,187748.5357,205589.4361,300797.8492,283533.7878,137931.9852
glycerol 3-phosphate,22850529.33,40830164.9,22461164.92,20171696.12,19184207.93,20319313.69,14983011.93,19242259.49,15242663.05,24084074.36,19944386.0,19027427.62,18703777.61,20910362.95,19906619.34,24383241.22,38648673.81,38263685.18,18730930.55,18765051.88,16173323.16,23834539.24,27702338.86,15614578.75
glycine,416903.0,393555.0,460141.0,842322.0,1312447.0,889944.0,422261.0,665401.0,125846.0,2112445.0,264195.0,136153.0,910765.0,1129390.0,638703.0,530638.0,860622.0,127377.0,559301.0,2341190.0,814210.0,3185018.0,2353615.0,802066.0
homoserine,799727.1456,1385894.665,890948.0213,1351865.154,846066.1183,703971.5011,1138072.825,958872.191,576720.5467,1122472.887,1001162.558,930902.5969,0.0,65143.96351,53714.06007000001,284157.6801,0.0,14823.674980000002,443046.941,0.0,172678.1338,523717.8766,75964.93167,313891.3538
hypoxanthine,1220637.574,1042388.6529999999,1099840.508,1347517.244,1241664.2179999999,1427108.101,1260746.522,1386642.004,1456590.775,1773900.7580000001,1867902.794,905577.8979999999,352918.5416,709722.3261,626990.7261,768238.9381,0.0,792376.6117,516406.6707,359513.8241,547904.1769,849299.5582,641951.25,470658.5391
inosine,2884410.5,4220511.186000001,2934149.7430000002,4359605.339,3216625.008,4450163.815,3148206.9239999996,5333001.686000001,3117626.876,4557491.39,3444277.47,4205409.186000001,3936031.873,5096695.7469999995,5679106.446,5406602.667,7109016.512999999,4986784.039,4461684.408,3680448.1,5207188.066000001,4264278.615,4762921.031,3102167.144
isomaltose,28042.03037,151395.2211,68354.64168,192018.0012,148120.7093,406421.1701,196686.8329,240332.0338,161424.8191,324019.1445,207500.6233,162224.7134,0.0,0.0,5151.3839,164518.0298,588858.5918,210176.7769,0.0,62474.29537000001,0.0,554678.2828,429034.7356,13597.6846
L-2-aminoadipic acid,1637910.9740000002,2487443.054,1476416.74,4720835.649,3424903.035,4929055.646000001,3674566.5069999998,4807289.411,3895033.587,5101170.426,4399354.669,3936338.5289999996,2027977.408,2956340.433,2396248.0640000002,4256396.553,3718612.047,3899672.8239999996,3258773.4639999997,3247316.122,3675851.361,3666983.459,3574641.6989999996,2318401.55
lactic acid,1131748.649,1360121.8290000001,499372.9732,1080324.857,858107.1531,1095243.23,921920.9332,1211781.049,872778.1103,1145142.922,1068454.998,1004260.828,1339255.164,1247752.6840000001,1337034.84,1544145.0080000001,2356105.55,2480554.971,1074786.807,1198865.23,1532035.3069999998,1466740.804,1704659.814,1213728.311
lactose,412968.8103,571834.1407,350474.0237,495537.7452,456631.5555,623814.7891,426317.3901,666097.3695,230702.5479,683473.8482,597622.802,575554.3478,772060.4452,1342470.2769999998,1147723.893,1718982.1919999998,2488126.3109999998,2056776.744,1030451.582,741847.3186,1157247.365,1049093.9409999999,1530387.5480000002,735100.6897
L-alanine,80167346.91,91891568.93,97809775.39,76114002.39,75048591.59,66423555.27,64031667.11,70412191.1,57908025.19,88815128.68,73946091.32,70763501.72,65474700.78,93117180.23,86251020.13,99992799.44,123423551.4,127439798.4,94451521.9,66958519.05,83268435.72,90256999.3,84632898.48,84486203.94
L-aspartic acid,50331295.76,78556139.38,43955922.3,95677940.54,74354873.45,82663023.57,76909776.64,90166150.7,62021174.19,86038241.32,67777230.63,88742558.87,26340543.6,25196015.45,26341949.83,23796491.58,4377018.687,10891731.35,26569645.33,23022960.19,28823502.45,19596973.56,16485704.66,11410951.87
L-glutamic acid,140314639.6,191532542.4,129829612.1,194553469.5,173067922.2,204321705.6,158376828.3,202277230.4,149734292.3,193089635.9,201959280.6,171854607.6,135587134.6,168433371.4,139766275.6,169733902.6,46471853.08,157597682.0,143077213.7,121364705.4,141356155.4,147041912.3,152203764.4,100465078.0
L-glutathione reduced,0.0,0.0,523231.6665,0.0,531695.3416,439492.6516,1258.220522,0.0,601850.4863,27139.96014,47947.98885,0.0,940450.5503,720690.2742,987699.5265,736876.2885,0.0,291226.7695,984370.3118,804814.2298,1654014.159,0.0,7888.311887999999,100190.3135
linoleic acid,1062677.508,1073078.7920000001,1005451.032,2047461.55,3693515.381,2286879.433,912806.1275,1721242.033,302715.7798,4470170.015,540452.0015,312487.9696,1888241.116,1779201.504,1100278.762,737104.8149,1182753.897,216976.5434,984184.8116,5022677.893,1265432.317,3458718.11,3402592.44,991128.2429
L-isoleucine,0.0,2101500.264,2205412.821,930661.3705,450199.9607,320096.4881,118479.3365,486339.8262,187438.2423,1740382.9619999998,1364957.7780000002,814183.9483,25445.40421,96712.71432999999,27886.566089999997,49870.03443,271543.9001,1668168.802,224639.9407,28714.719530000002,30164.282689999996,42679.06359,74277.09002,413767.1713
L-leucine,985150.0,470942.0,1471129.0,2976897.0,6601774.0,1117861.0,835940.0,1169986.0,1018102.0,10041549.0,5332028.0,3907937.0,301580.0,962498.0,551614.0,1364506.0,9354536.0,21655248.0,4885741.0,486857.0,280601.0,1102250.0,1002315.0,9072453.0
L-lysine,711453.8809999999,286157.8633,2653536.925,678446.1207,647519.5086,356405.7926,1129332.332,577762.4705,874879.9663,919813.7463,1555889.736,1634698.642,527405.0525,259373.5599,280411.9898,307999.4512,57082.52172999999,167598.5345,1004342.344,504871.4704,1040855.9940000001,51096.9975,74911.82451,243507.6468
L-mimosine,2064648.1090000002,2164776.141,1545156.3390000002,1109131.322,963695.0883,1798034.1709999999,1269913.252,1957708.519,1599844.1030000001,1998827.871,1050447.149,1162795.285,761405.3031,2634458.856,1580946.618,1309600.768,13606537.78,1582011.4819999998,1182477.899,1409158.247,893812.4114,1972349.282,1295325.275,1075817.257
L-ornithine,1835888.977,7263200.677,4323443.844,5667074.245,2017329.65,3336084.5930000003,4452143.033,2967524.02,4639084.846,4242145.447,4374678.454,9645221.514,9435605.124,9782395.245,9197560.433,9743270.066,8666288.983,11011615.21,6191247.375,6770467.9,12893819.65,4455468.681,3999324.067,5148465.405
L-proline,1124249.1770000001,7548014.892999999,11501506.1,6157396.255,5235823.353999999,1046522.57,1329205.798,2241020.328,1360573.542,10649933.02,6775084.796,4686654.827,1250839.962,720194.6139,203441.0442,628461.7571,8919.118294,7116921.837,3659167.327,1291380.104,1236384.838,320519.0,140241.0,2536026.149
L-pyroglutamic acid,150431547.0,179234304.0,113224053.0,191294280.0,149105638.0,193754214.0,155371310.0,178670111.0,164612715.0,187409422.0,155491867.0,146730300.0,116789802.0,143641433.0,132525139.0,167470094.0,233269937.0,141081642.0,145272628.0,131577724.0,135308741.0,133917428.0,126226475.0,106933250.0
L-serine,12228451.71,17385729.76,12157245.55,9564001.622000001,10539459.93,9381951.24,7605336.175,12508217.37,8952660.321,14339458.1,13140837.91,12145083.63,4492475.142,9066344.741,10483816.99,11594851.07,127351.8255,13815791.86,10052275.46,3242401.8710000003,4080903.881,5920383.033,398332.0,8407132.216
L-threonine,39031980.55,43063341.49,38520062.23,12397627.21,12586727.49,15717700.53,10460068.49,16598217.12,11623791.66,19556859.79,15406151.81,15131670.05,7413257.657000001,10682340.39,10357218.94,13810785.26,2812616.4039999996,16180150.72,9274915.991,6812796.597999999,7711164.038,10897015.84,9811304.203,7474562.973999999
L-valine,10055670.46,10409719.02,11995441.5,7417560.292,8890084.082999999,6964444.932,4369944.502,7565555.171,6684298.574,11015428.91,8515774.41,8431824.113,2559715.324,6041447.375,5961169.863,6438930.268999999,1727922.7380000001,13357419.45,6398800.865,3022565.7860000003,3420860.705,6491806.784,6174143.654,6765799.957
malic acid,6289717.307,6387000.493,5382039.459,18616237.42,15133776.68,20449495.43,14630597.89,20366589.79,12843644.99,28193495.76,23734801.71,25836214.17,4355049.134,6517440.496,5983640.536,9341945.873,12377320.08,11447833.26,6322161.227999999,5076765.469,6940293.299,9886105.752,11131610.4,7129233.544
maltose,27661.0,0.0,0.0,0.0,33222.0,28867.43895,0.0,106176.0,0.0,0.0,29326.95307,0.0,0.0,88039.42887999999,57574.93204,115583.115,211854.1754,140934.4528,58873.89929,0.0,80681.62821,70786.00371,104173.5807,36243.41128
mannitol-1-phosphate*,103710.6293,109162.2929,112698.704,196559.4743,127779.386,210730.673,227150.7681,216833.2066,166756.0015,213253.4954,195216.2596,136811.4447,0.0,74039.07497,39846.282680000004,49373.88952,113820.2945,64928.74865,0.0,53307.895880000004,3326.384198,127396.5443,55731.0,18961.48698
monostearin*,1004648.9609999999,495680.0871,1310853.7820000001,2092176.122,953786.8789,342831.8545,1201122.844,927134.2195,490476.2499,1687551.094,296744.7039,176183.9271,1154273.063,915452.3865,815001.4051,540507.3845,1087034.91,2091978.865,1265567.487,1172524.43,1155994.77,1288444.221,750020.22,1778903.521
myo-inositol,27353054.65,49608009.69,28427385.87,14154180.28,11552328.31,14503140.8,11068686.57,14724105.07,10982916.73,12514135.73,12699452.77,9263067.009,13655816.8,21342527.1,19792528.5,19177581.7,21236669.66,18260298.62,18876117.14,15907977.24,19289666.15,14660805.92,17597836.95,11047625.77
myristic acid,1642764.706,690950.7169,1743023.3169999998,1133905.139,1624293.4109999998,1654645.746,634623.4159,1536393.435,1176164.253,1471363.4209999999,283996.9058,610640.4834,1959462.0690000001,1935234.15,1423087.144,1047965.551,994206.15,542095.6467,1295213.805,2981494.182,1440309.9209999999,2466821.952,784093.9119,622290.8138
N-acetyl-L-lysine*,14698692.14,31924342.55,14989511.95,6093016.205,3271527.4280000003,6618119.9,3747308.4469999997,6562014.012999999,3649085.5319999997,7162550.216,4995476.242,3958397.7139999997,3908036.526,4686855.817,4690379.927,4833272.087,3449513.957,3976054.522,3111447.9480000003,3432998.2060000002,3905220.756,2879118.477,3400827.9510000004,1636785.649
N-methylalanine,0.0,1979306.513,1167769.166,8811894.102,4840066.68,6970055.364,4903158.2360000005,8581123.667000001,5684542.622,9261902.424,5525581.16,7865931.299,431512.016,2720075.486,2784919.128,3081739.264,0.0,3827016.8880000003,3472110.0560000003,1857615.744,1871665.165,2021738.1619999998,1767008.5259999998,2624640.955
N-methylglutamic acid,482931.5998,580474.4893,498877.5141,834871.0209,1205879.6840000001,1366689.665,706345.7,1397696.7719999999,577566.0751,1076645.779,219507.4284,389173.6349,309649.6761,840626.1968,631724.0589,833082.5941,425989.8618,838307.2426,755008.4167,453370.6537,121137.7521,926731.3455,790904.3503,388750.0964
oleic acid,35364697.0,46512886.0,33570086.0,48825770.0,42824803.0,54956087.0,36872999.0,55975356.0,39773410.0,62658599.0,50943508.0,57776393.0,25268153.0,36885613.0,34783904.0,38303626.0,52078214.0,45137228.0,30893572.0,23837639.0,32979226.0,34809276.0,33433567.0,23596899.0
palmitic acid,1014050.26,894403.4624,928758.5197,1087925.486,1396107.144,1259380.2240000002,733002.4496,1093032.455,678472.1192,1588607.157,540214.4157,431864.5805,1257139.459,1160766.413,908409.8751,883604.5276,1167977.008,639831.2066,856184.6214,1977697.5790000001,1168445.144,1693663.841,1243657.192,686781.125
palmitoleic acid,183482.0476,332894.065,195321.6643,394124.4287,845456.2054,485598.6559,98520.17569,537786.5171,61550.635870000006,1023927.9670000001,93415.84534,51939.63595,334472.2841,399584.5324,339655.2465,155099.2334,606560.8347,117239.9688,279720.382,781737.837,306383.1162,884945.7285,945581.1409,232116.16600000003
pantothenic acid,704330.2557,873700.1440000001,615438.3952,1441038.0990000002,1342353.011,1803566.398,1066283.381,1846766.5880000002,1159278.439,1787237.116,1518903.9719999998,1059867.395,521821.695,935278.9266,814699.0843,1353480.9419999998,1630697.757,1419370.261,792734.8232,721510.0234,910202.2031,947014.1576,900345.6796,574522.9731
phosphoric acid,175154542.9,196640425.4,151557447.3,243310042.4,213700361.3,249632600.5,208464622.8,248306355.4,195392038.9,241154705.3,221893620.6,214533175.7,195398515.7,235216059.2,218353429.8,251199736.6,271560659.7,201196484.2,210283683.4,193895402.3,226470688.3,217870040.1,235225126.3,167865721.4
phosphoric acid monomethyl ester*,795777.1813,580103.3344,219684.2797,1430674.164,961614.7129,1253892.1840000001,1140257.263,1824487.049,1111207.05,1108904.581,977749.873,772315.8159,461196.0868,622825.6965,543162.6931,865735.2088,1101694.4209999999,998580.5502,478031.8989,521172.0414,338911.7615,846404.3098,837676.1334,433993.4486
ribitol,89210.93702,115402.2945,81551.10841,163790.0171,126690.7127,172620.8089,100626.4896,187251.4284,141585.8673,198270.985,131464.1159,216394.7475,45468.27593,151062.5168,259293.6803,172469.0672,300537.1567,233260.8509,80303.97155,54109.137039999994,85907.22527000001,239182.188,229389.74899999998,111510.1503
ribose,562036.944,995471.3477,796120.9578,1078974.353,786900.4720000001,1153233.034,959509.9659999999,879383.9233,757498.9226,857196.5602,744982.34,657533.4443,514209.2768,820350.4475,728014.2249,782678.8108,993634.1286,767344.9954,727347.2667,478109.1105,829089.557,683643.3137,775605.5487,479921.3591
"2-(aminomethyl)-2-(hydroxymethyl)propane-1,3-diol*",133450130.0,11035377.78,126636804.0,10481718.32,125670030.0,146177793.6,47072702.29,204973569.1,133985953.5,200804300.4,214284058.7,206976976.0,149807337.2,182187157.3,136512077.3,155453781.4,3879724.422,206235514.6,109338499.6,107507938.7,100305501.0,132842427.3,162409436.2,110541522.4
succinic acid,1464499.3590000002,556704.1234,1013585.3670000001,5314577.263,3887121.9889999996,5483966.806,3592069.242,5966494.698,3280337.9260000004,7288119.503,5652031.342999999,5876490.159,2354720.494,1966423.769,1765772.0080000001,3352011.1180000002,5001421.403,4289308.018,2094570.457,2219587.817,2615162.531,3710383.478,4006813.2389999996,2130100.047
cis/trans-aconitic acid,25189.75055,52241.777160000005,14040.326630000001,91816.13291,87072.02994,107445.2358,71263.68296,71225.2372,22888.0674,88831.41767000001,193961.7544,20272.68104,57958.233739999996,53471.32432,24564.88438,108369.7164,94188.97136,90824.49474,15095.80103,13810.29674,61385.04534,96949.14012000001,82772.15252999999,0.0
uracil,716935.2588,1130486.894,620196.2518,435928.6158,594299.3741,602579.7073,407478.6922,541525.2448,261695.2658,472013.6748,354252.3561,260646.8914,519128.12100000004,1319732.616,770996.6467,1060186.0690000001,994162.1490000001,613255.2547,716332.4721,630815.1346,877359.7602,643716.0861,1283876.989,285254.4383
uridine*,3847624.5089999996,6492190.175,3958451.436,8101887.78,5396524.776000001,8476064.8,5403449.8610000005,9947255.124,6333228.419,10103598.77,6448243.7639999995,7898620.966,4978347.6389999995,8630127.288999999,8622899.251,8384368.6389999995,10222669.08,8849075.986,6686532.217,5897314.467999999,6996686.195,8001526.467,8659153.907,4942521.8889999995
xylitol,22411975.68,38533661.92,25740218.75,19064286.52,15523479.21,21168931.13,18599554.86,21568000.82,18821474.14,34564796.86,28489224.83,29561033.96,2190750.591,5565950.081,4747717.142,5635671.992000001,7283744.161,5289899.698,2233754.313,2148559.589,2357129.1,12180831.46,8843616.793,4406646.473999999
unknown_001,4413270.821,1308030.499,14912.692980000002,1118381.93,1032552.184,1464083.747,4702467.406,1875642.385,3591989.474,2144565.32,1665798.679,2703911.837,6526869.435,1333992.69,2261369.142,2753727.102,2428729.663,1835339.342,2271474.009,2430083.286,6276038.062000001,2333830.498,4675280.156,569606.2244
unknown_002,230691.8786,487370.9703,1158200.799,1471060.251,313332.1893,1379734.025,667115.7760000001,950987.5928,240631.0129,2058012.743,775764.5535,1528183.966,405937.7488,1226774.711,662437.2131,327291.1372,2093930.799,2026045.2240000002,118568.8117,460744.6312,673963.2475,1174459.764,1196385.215,793868.3103
unknown_003,31748.75066,320321.5077,274724.9718,658840.8582,171544.2342,183561.1963,54387.680720000004,210611.109,101524.3804,1290185.001,314522.6074,864328.3233,325461.5382,762657.4979,518801.6293,396274.1612,1553392.321,971486.9295,230240.8515,173451.9099,472277.7407,709817.5115,821805.6811,427963.0781
unknown_004,168773.6233,283141.4637,226304.7037,127532.9211,292116.8278,72703.17887,72757.46105,82211.15102,159586.4706,446213.4226,276676.8621,179401.1852,41725.505339999996,83376.56234,222572.5849,92343.17117999999,219817.7248,391570.0108,202800.8778,71708.57409,138108.5186,38096.2545,80408.19584,46901.39192
unknown_005,1475120.4109999998,1640229.46,471697.6874,1446112.3169999998,873577.9011,1919445.023,1743705.505,1640822.424,1256145.8020000001,2310540.672,2173613.167,1465313.092,828239.5773,1459833.925,1647882.04,1791421.539,2650270.71,720618.8599,479679.2199,1237415.852,1670895.104,1722259.509,1979883.991,596563.0717
unknown_006,128085.5907,91654.43352,84343.79736,128479.38900000001,75132.67955,0.0,19702.86143,0.0,114723.9681,148372.9591,108037.0181,122896.6189,65193.15612000001,101277.6412,176363.4147,92784.5922,53922.0,151223.6772,88908.68067,137016.5548,3007.663411,1592.853341,80922.32837,107811.6329
unknown_007,757733.4453,1279562.392,8377887.386,955890.2589,999767.2108,1497322.625,1233843.549,1462947.736,1034765.0229999999,1693796.514,1496114.864,1069366.753,1949219.0,1126680.824,1138956.065,1074589.277,9347176.796,11530832.2,352231.6143,2498657.351,1280177.74,1294347.1090000002,1294522.935,7216929.915
unknown_008,65787.95174,175619.4475,37231.15937,123167.0451,87946.74654,128609.9247,117479.0718,126561.3884,105500.6602,123278.8247,100802.5846,111281.95599999999,365612.8695,815230.6816,528450.0564,1532983.325,98921.69569,349123.20399999997,520222.4724,70112.54902,574574.2461,1322619.997,1270969.65,231550.98
unknown_009,883715.9292,1004291.4090000001,445892.5389,1248317.054,970824.3237,1178255.887,931209.5044,1164521.264,779144.3470000001,1422112.727,1064312.354,1127877.727,617591.0382,847465.2551,702581.7791,737655.2341,2698481.7589999996,923345.8419,694271.5956,632598.9591,798164.4703,868498.4905,775827.7417,495111.5446
unknown_010,14508.238119999998,16698.53487,19253.70276,19818.38599,24676.41467,39174.77755,33420.90762,32892.59314,25419.05686,24461.48388,41183.46329,28992.99429,1713751.996,2440509.8959999997,2562577.759,3047515.895,20990283.67,12119.91736,0.0,21013.06409,2234736.762,3828139.8239999996,3738538.269,0.0
unknown_011,184295.3761,10727507.73,389858.0614,32071.671039999997,151655.4802,4337504.238,234772.9009,5400162.591,178489.3165,7590886.248,177079.0315,215640.3234,106318.8147,55562.98892,52582.518110000005,5834835.892000001,10092918.68,6944349.812999999,338002.31200000003,86940.07911,175582.5304,4672671.896000001,81648.62385,78380.2477
unknown_012,189989.8831,327029.8836,280538.3995,415338.2651,442423.1611,734324.2604,150741.9843,644392.4314,199298.7985,766967.6532,1225935.231,29527.194030000002,149252.2379,203295.0769,56147.830129999995,0.0,1930882.928,89766.08477999999,381468.133,173412.8216,142556.3298,189945.4555,260354.6656,346467.869
unknown_013,209930.9789,686394.1812,465658.7226,1560713.956,725604.2013,1287452.091,711276.5361,831047.8757,686424.0719,804474.9059,212374.0076,450476.3057,364092.8024,1102079.235,476265.8713,421879.2846,400759.2764,329449.1036,483259.4067,786549.1228,255293.81699999998,772562.0507,643109.2813,438787.4306
unknown_014,769454.6966,834938.3212,684030.1946,2203539.845,546760.3378,313306.0206,955262.2772,464836.776,1046571.52,442318.8912,657809.0541,710676.4591,1113025.096,637086.1396,256847.4438,292268.8131,1298987.203,1767402.4409999999,1067248.666,1448489.4330000002,315092.8249,322932.7051,1981958.823,1015851.588
unknown_015,487996.626,646866.1731,405962.6906,483901.7857,348967.8576,664534.2955,628776.5829,530480.457,800666.4925,291025.0,189167.6912,302053.0409,829419.3174,581004.1481,768849.1429999999,615654.713,501128.8134,284971.2981,727622.3949,1077163.237,652398.6691,804741.7458,843081.7594,781314.5237
unknown_016,401807.3533,76488.72653,338516.2281,1282265.291,560151.2565,527174.6207,653680.3318,244624.5584,1205882.903,213187.7118,589462.0628,830029.9925,150923.0495,1646244.754,1111759.568,245890.8959,1251076.773,413058.5427,690676.9411,1131007.345,767247.6597,1431101.144,459532.46,91383.58412999999
unknown_017,599333.6157,2250410.339,808116.6302,2359597.805,1059760.669,395797.1206,1820581.539,225973.2688,1667576.395,1145022.88,1917655.341,952083.3505,591071.7505,807981.8131,583279.1218,60780.256579999994,1177574.116,951332.0055,1023891.34,468612.82899999997,583446.9306,1329712.332,479818.5973,767892.7634
unknown_018,200044.2654,28821.75915,556522.9056,17355.426180000002,407345.105,0.0,24720.69319,34858.67624,0.0,519754.5465,35712.53256,350476.5744,0.0,20011.72724,321253.9337,0.0,185861.6142,603581.9599,534637.6712,216887.0522,10508.427459999999,24597.68821,99390.63299,463561.9087
unknown_019,2477634.357,7559931.842999999,3659992.354,9044856.147,4099224.95,7583810.812999999,6634438.62,7000977.265,6472009.913,6131562.23,6034191.113,4444105.3319999995,1194340.716,4362227.058,3817728.0760000004,4884937.284,4315171.512,1913255.341,2267505.943,1870218.415,2862169.87,4707274.4569999995,3785203.315,2271439.3430000003
unknown_020,3609806.165,3486810.7630000003,3116571.9839999997,6003843.73,5285599.482,5684683.576,2810765.4510000004,5993535.182,4853106.788,13279228.61,8500792.036,11596615.19,5136367.914,5015499.452,5631879.683999999,5576817.823,5843676.687999999,12228470.43,4144271.8039999995,4321967.962,4312869.501,4228333.806,5956937.469,3817645.769
unknown_021,3627797.0,157628.5885,772632.0,213780.8651,5190544.213,2785577.9439999997,165451.0,2421339.795,1623846.221,4300641.358,2622164.831,7890293.547,1174757.301,727807.5302,918185.2855,559383.0488,913373.8614,8447768.384,701692.4066,672605.3263,95793.95706,947203.6598,528483.8192,445482.9216
unknown_022,455132.3819,430504.9651,337531.0442,367981.4595,206627.8399,364216.6118,379850.1434,350499.0719,321567.1354,346675.9086,145053.1352,289106.0157,895723.0,1311302.0,1384618.0,1511144.0,4073765.623,1814550.37,967911.0,863065.0,1054448.0,1532740.0,1198447.0,1389419.0
unknown_023,0.0,0.0,0.0,0.0,1018.370365,3758.093982,0.0,0.0,3415.745753,0.0,0.0,0.0,170411.049,295524.9142,309902.0086,286119.419,0.0,381967.8257,152695.109,100420.9021,142194.1782,369972.4034,161051.3628,284738.115
unknown_024,32572928.97,4430475.638,22129751.71,12320042.63,41485197.84,63951891.6,23960897.46,75851122.08,48006306.23,67385252.5,79468285.01,71823790.71,51066601.96,52752019.7,37764514.85,50029533.45,37731057.84,51162552.07,31961935.24,36067440.27,38220898.5,37696798.84,56884580.59,26314452.22
unknown_025,3112711.778,2603819.869,5085164.608,1621436.05,1429254.407,2098997.081,1238232.366,2012493.326,2576022.195,2225488.962,2063042.583,4144979.688,1588369.699,2847325.139,3322315.232,1322322.175,442862.1469,15536590.34,2014904.801,2546738.731,1435960.105,2562107.9930000002,113299.6862,2518928.136
unknown_026,2048390.457,2303011.262,1432616.1919999998,2530681.367,2596047.531,2847966.0,2383614.247,3653859.626,2323990.1859999998,3337362.216,5308420.454,2498837.164,1276771.49,1443266.519,2006648.073,1792021.698,498176.9393,8461422.268,1827329.168,1929718.0590000001,1471247.737,2725047.92,3137412.986,1042852.13
unknown_027,97559.55468,236520.4259,154178.7581,312262.076,191982.3232,395029.4712,284710.0666,373267.8018,306173.5251,464604.4048,322695.0038,175705.0311,145961.3052,241554.65399999998,215118.4202,410726.592,107815.7999,284711.5657,255634.2103,267459.0,192945.6812,280096.2894,401847.9903,265725.3101
unknown_028,179256.4828,1027609.4559999999,470894.9845,614296.0355,213814.0797,970344.4047,456776.1704,1053202.962,1273149.634,79494.40929,228428.9538,318525.3378,294272.7074,1074447.126,1138248.774,511825.0477,282291.4271,274514.5448,312379.7443,1178111.737,321338.0882,1083496.872,533395.8892,526842.4405
unknown_029,257717.5717,100133.5372,74175.37546,81758.57887,40169.74581,0.0,614892.6227,0.0,539480.8565,112754.7384,47140.36275,52756.073730000004,178629.0437,283118.9055,258390.5178,390245.0086,55521.663739999996,58846.064739999994,267495.0878,215179.5063,287426.8519,416862.1941,472418.0726,304371.5481
unknown_030,382240.0734,1282763.185,872543.2169,1154752.071,577128.9957,1941205.326,741728.9399,1647555.958,1376673.823,1203991.9340000001,613389.3625,893294.8564,327906.728,2563934.864,1656633.2030000002,1829856.81,442087.5421,1427064.1509999998,1136990.05,1597002.254,606410.1105,2365709.199,1303755.615,962987.635
unknown_031,975837.9529,1006465.512,724328.415,381895.7223,387566.9633,447147.1585,374062.1592,419630.9079,320386.5621,442350.9265,402729.526,669867.3063,130425.4483,128476.4702,161617.0751,90384.85049,77139.57565,94668.32084,59574.66342999999,51334.96828,66189.89612,72808.35643,94608.86591000001,45363.56085
unknown_032,597951.5428,816606.1066,671964.8642,859741.516,1178918.285,1036456.5040000001,1066667.68,833547.3594,586466.3068,1101955.883,495676.6582,599511.8037,354983.3598,761683.0579,508799.8095,488165.3705,423075.3557,93331.32886000001,373076.4575,616418.0905,733261.4277,560605.9823,500301.4454,378002.9627
unknown_033,766216.9641,555864.9894,431337.7955,698204.8187,858753.9091,899714.6769,1333674.4340000001,1021274.5909999999,1037497.2209999999,446319.6244,828088.3972,618898.0578,948829.7764,758327.6428,824756.5507,749479.5192,741915.1228,66968.67991,907328.9151,892792.7831,1015242.427,114696.9087,893973.5134,867343.8312
unknown_034,43980.0,40524.0,137595.0,420555.0,348392.0,421068.0,324633.0,446470.0,273574.0,617935.0,565285.0,487895.7399,73850.91846,30795.953380000003,37367.23036,227852.0,325549.0,273205.0,68823.39356,61944.154310000005,48818.93598,227649.0,262823.0,64074.8365
unknown_035,2065938.5159999998,3113169.1010000003,2289496.235,0.0,0.0,0.0,0.0,0.0,0.0,176305.7672,18469.7865,0.0,0.0,0.0,0.0,0.0,0.0,0.0,0.0,0.0,0.0,0.0,0.0,0.0
unknown_036,854730.3665,1729322.769,2495861.67,0.0,0.0,0.0,0.0,0.0,0.0,0.0,0.0,0.0,1112195.478,470160.6579,866657.1612,0.0,0.0,0.0,0.0,0.0,0.0,0.0,0.0,0.0
unknown_037,127824.21699999999,1358817.622,1137697.675,1164780.762,238215.9755,1791365.6630000002,1496277.926,1917317.416,1631473.503,1583788.245,573399.1093,874178.6178,212185.9427,825364.0717,594487.4594,438751.3325,21371.950780000003,139791.1337,311387.1548,882333.4611,264558.9928,678201.8322,373293.8728,337649.5674
unknown_038,18924.44995,25972.57841,17049.304969999997,223854.2628,90323.18828,192970.1834,113947.3837,173675.1315,73559.16921000001,205235.7969,366422.3401,165655.4777,79328.41126000001,238262.2925,228294.0697,324595.9698,235111.5778,293643.2498,164488.8786,76806.77945,143083.2526,229477.4186,240518.0814,123055.9425
unknown_039,615124.0049,640820.1402,461949.7529,628036.5207,86061.77921000001,794852.2133,601056.0185,809912.8419,649649.2211,105764.7099,579569.2364,136120.7448,296279.0064,688548.7142,448501.6613,279172.9244,235822.4156,515872.7591,390595.6685,394703.0271,145283.7023,526002.7395,347432.6113,188885.6739
unknown_040,1796859.486,3235254.046,2261184.812,3476843.663,1613172.239,2836784.345,8964298.759,3300580.541,1762676.1519999998,2949838.703,3413132.0,7613887.0,352570.1023,2725033.0,5860951.0,7330045.96,2536386.7369999997,7654039.7639999995,6490153.395,4700310.115,3817257.183,8460128.0,8505334.474,5322421.355
unknown_041,114044.5642,194840.0537,141813.764,227534.8455,339078.6265,1320370.85,296929.8255,606531.5359,209118.6225,304893.2813,122512.2584,156361.28,0.0,87853.64126,122387.5014,470335.576,21391.68298,65835.14486,74904.02779,485596.614,532458.2429,745154.185,1388954.9119999998,46601.45129
unknown_042,26476203.0,30211121.0,22746395.71,2083303.9780000001,1793747.082,1322131.815,1828081.31,1015431.964,1908433.733,1611798.5690000001,3257028.25,2746444.885,8866082.044,9406524.722000001,9687876.107,2332891.745,1055285.768,1351242.122,1633106.64,4977029.018999999,4399014.005,186181.3513,3184364.102,731881.6609
unknown_043,904270.8245,1167803.403,570216.5083,624128.6463,537001.4752,908001.9578,627842.1583,657525.7178,609233.0161,713638.7354,806004.5453,742883.2613,452397.0737,509930.9403,395503.6796,631502.6202,57965.2256,395142.9922,607705.3946,543414.9581,617169.9073,388646.1819,444042.2868,286101.3548
unknown_044,879902.0474,30113.33653,568785.1563,70127.52382999999,747171.7359999999,1850526.5790000001,346172.0784,2255591.91,1998817.023,2024046.989,1224715.057,2390235.94,1343818.43,1549337.832,956408.9847,864873.6332,0.0,1648704.2380000001,1303615.294,1861145.8269999998,731206.1309,858111.5491,1048528.65,1399412.156
unknown_045,196832.3857,89311.01655,75089.59524,108613.9958,102998.7902,128439.7617,266430.1628,128162.8653,74025.77523,116955.7077,90408.89567,91719.70095,103626.1554,118180.3899,89269.75466,60287.73443,223343.3921,75069.44907999999,71371.67292000001,146711.0301,253710.7116,118463.8645,96386.24678,55534.25435
unknown_046,144939.0,273443.4915,124915.0,622065.2679,178044.0,211741.0,93222.0,228372.0,45600.0319,403336.4225,175522.0,141306.0,117074.5297,265327.0615,176933.0,236800.9678,376432.0476,177044.9749,145584.204,123834.0,166850.0,211171.8364,185554.764,157420.2252
unknown_047,0.0,4491407.999,2158158.466,0.0,0.0,0.0,0.0,0.0,0.0,0.0,0.0,0.0,0.0,0.0,0.0,0.0,0.0,0.0,0.0,0.0,0.0,0.0,0.0,0.0
unknown_048,810810.8004,2916563.387,336049.0,741044.0,406011.8056,458347.0209,555439.2165,560665.7005,461216.7507,632162.2479,293906.6539,625707.2635,70366.35423,771703.0,333919.0,431829.0,88981.88163999999,575659.5721,38047.2682,289139.0,291601.0,357393.0,395837.0,254838.0
unknown_049,97995.13455,143313.4956,122718.8267,279518.7028,253507.6567,308670.6102,211845.6561,391506.8594,166475.9572,360298.7391,360560.4499,347004.5087,268768.0741,289966.9166,385984.2347,507032.5283,346088.23799999995,408851.9269,335056.8434,275875.534,250807.742,304894.5934,350796.571,178392.7799
unknown_050,296407.2928,53142.93636,244464.5806,116883.9459,883969.1604,751271.1175,433112.3687,775742.6812,123073.8431,1368638.6130000001,2882940.4069999997,1227798.668,1087198.438,785795.6951,500742.7103,1084817.854,55798.32467,1784523.035,806225.68,198743.3233,798461.6195,210746.6013,842608.7479,195820.1765
unknown_051,393185.41799999995,841026.4197,347459.6889,701096.98,270916.7348,385658.1429,571803.9713,303616.6948,417671.8162,343744.2672,265579.0226,254126.4916,214633.9384,788787.3402,210148.1341,375825.7291,427399.4509,211560.0314,330507.4927,142262.4795,296912.5966,170835.4437,192101.1207,194325.6669
unknown_052,342806.6262,159093.9897,589087.1461,497537.2649,929343.7665,5063476.55,790110.3348,4664841.278,2314827.713,4116913.5489999996,3498418.8010000004,3127578.4839999997,2209930.975,3953063.7789999996,2409000.4159999997,2331890.2430000002,306707.9929,2612374.242,2261084.577,3700029.2660000003,1822205.091,1303000.312,1664173.1130000001,1325523.721
unknown_053,267364.7735,848748.4921,3742821.025,727530.8591,1904588.542,2912394.4760000003,719232.8979,3264916.85,368151.6558,505056.305,1035176.0,2120027.193,143105.1628,703493.7373,1528604.6330000001,677006.6473,825324.3727,4393223.93,1767715.875,182067.1772,454620.5182,1963879.094,2875662.631,927885.1704
unknown_054,1077906.923,161372.6437,1370134.03,78003.72703,2328434.313,3422710.9039999996,1195083.9409999999,3421181.624,502263.0856,5998158.825,565485.2179,2412859.168,962597.1379999999,534135.985,1552899.4840000002,146363.4672,250259.7565,2960218.744,2139020.606,701531.4771,316228.5867,2133544.134,3640247.0489999996,947791.0913
unknown_055,164484.4461,86266.0,151318.3969,76520.0,117593.7077,248846.7733,88942.95792999999,373557.3762,367869.6952,230857.9654,308077.1498,247674.5426,371521.1683,340352.4,193477.8993,208804.1677,153462.7674,211782.405,154070.904,272690.5124,176970.3936,224274.9876,230878.3058,210993.045
unknown_056,631650.5271,1977518.0,615770.6487,1220716.0,516623.6392,1056801.824,427611.8437,1478554.49,1513255.447,2345165.7569999998,1328915.345,1024636.912,1406987.136,1495138.3930000002,810051.0496,891031.6248,436141.4402,870029.7235,591275.8621,1267427.563,850479.3785,879053.9932,945513.3886,856453.6083
unknown_057,3539364.608,4403524.683999999,2798594.128,3270541.837,3064628.2460000003,3209258.473,2818686.9260000004,3341066.1989999996,2617119.851,3145367.578,3358450.348,2500573.355,2181248.663,2155005.367,1875460.695,2764875.086,293161.0397,2538999.74,1822176.185,1651677.759,1595236.865,2098104.944,1989954.858,1233032.03
unknown_058,121580.9762,384710.8701,161975.8182,263655.472,79323.8569,335273.8233,122447.7234,278429.5085,224496.5442,390275.2113,124663.101,146069.6993,47018.75889,161903.8432,89579.79477000001,82621.18161,107444.9717,90438.56848,56868.01259,77535.05085,56711.68467,138808.6123,83927.06311,55109.934479999996
unknown_059,104956.9208,254704.0112,867156.8525,307862.017,106097.1245,3987499.473,315982.4082,274554.3711,122524.2207,455147.2797,203971.3691,2808657.126,2422965.53,635253.8021,2327851.559,108616.8751,471881.8226,609434.9111,2354497.7830000003,1993373.425,139334.4769,2754625.869,2556832.815,328528.4279
unknown_060,28312.2639,50761.6076,61398.0,37546.0,11084.341540000001,14097.60719,11102.62531,30912.0305,26639.83414,57290.0,25277.86047,23648.38178,340251.6612,603055.5131,553067.4652,1242195.449,1119333.618,1702811.765,461268.3332,317383.2809,771344.4675,1595157.325,1469702.0969999998,703304.5676
unknown_061,971468.9586,1714650.265,863815.5698,382506.3169,326451.3893,399716.7074,330336.5929,424814.7022,328262.4323,486384.4173,0.0,40708.92831,206738.0912,143207.1574,278469.227,42582.41773,26099.47741,4464.3753799999995,0.0,70797.24454,548402.3055,30523.084619999998,0.0,0.0
unknown_062,4735436.463,5777667.621,2688964.437,4038329.96,1980930.04,4392717.024,2882202.519,3729806.704,3856673.68,3540727.486,4683863.441000001,3233837.187,7417209.741,10031953.27,8383584.21,7540246.973999999,12382059.48,10343089.65,4205375.746,5166520.29,6080333.685,4038999.5310000004,4561420.866,2487673.101
unknown_063,1444470.1719999998,22853.2764,850931.6374,24098.13949,2753543.7810000004,10693704.29,36270.30543,9707431.197999999,12231495.65,8208241.965,1408894.784,10390661.99,1114440.172,3257440.689,3722276.872,31858.97327,42635.266260000004,7775501.049,735428.4792,6827871.753,24582.26414,3529838.518,761022.6485,1256341.352
unknown_064,50246.89211,61505.70202999999,51180.00448,14769.100069999999,56384.94131,113437.4259,41768.88573,107555.4836,43938.36219,84143.15092999999,74611.52437,109112.6799,117399.54800000001,273653.7718,128024.5082,120682.4946,85281.4594,316019.5971,150819.5515,97687.29802999999,103350.5841,34057.60424,86682.87853,44146.34448
unknown_065,387820.3501,688628.6029,372725.9292,327448.80199999997,326060.8709,341045.7466,261817.2449,321245.2344,257746.4411,401371.0203,341832.6115,324686.1754,310450.9156,276066.7143,271896.777,306714.299,112304.2915,253119.1462,307274.7182,317714.2294,270455.6633,576613.8543,429249.8742,137288.9485
unknown_066,921389.9786,2848150.043,1747288.77,1910224.2969999998,1802050.726,2023489.1609999998,1906652.785,1494577.475,1538250.773,1651948.446,2417402.301,1603073.033,1221464.061,1541146.2869999998,1341493.965,1645352.095,600706.7601,1225874.624,1546627.611,1280391.1909999999,1643238.701,1536991.358,1292927.759,1429236.632
unknown_067,591887.2523,621081.6736,591361.1919,1339006.762,1868990.635,2007415.1840000001,1124242.571,1932788.5459999999,668664.5442,2226562.145,331616.3436,553025.0206,887867.7529,3338275.086,2032609.1330000001,2287187.377,2739067.1689999998,3586556.5539999995,2401001.595,1034609.7009999999,526798.0576,2356128.457,2561000.284,834286.6579999999
unknown_068,25670.01985,229383.7965,149950.2791,21422.69905,118472.4832,253214.4861,156018.5008,150106.665,261141.8472,220212.9505,134157.6911,128424.8726,208983.8358,328980.3914,71999.67887,239388.6608,122632.9821,114190.0378,70947.84671,93267.88994,114370.0413,358789.1986,82766.40447000001,30509.87396
unknown_069,480513.705,706416.1579999999,430519.8793,429121.5223,411619.6945,427078.5024,400951.1695,428424.1201,380613.56299999997,435336.5853,635903.9407,372534.16799999995,533390.0587,618073.252,602730.3799,836600.7849,786324.4354,771425.8329,609186.2991,556208.3674,599102.4857,594999.9483,829391.7039,515314.0468
unknown_070,179804.4546,2471157.275,2042189.279,914839.1482,151793.8051,214469.949,876103.2754,1110021.981,421394.8229,187092.0902,1312459.402,234487.3701,773302.1783,633566.0699,122779.3695,808381.3172,260017.7151,176494.1906,759417.1783,838611.8536,828284.8361,459447.1072,628879.2072,500376.1616
unknown_071,358014.2765,790262.5587,106741.2554,76120.77343,323177.6797,101526.0673,96914.59813,681911.1234,116634.5581,81041.78929,289210.2505,178614.1667,130290.1839,412538.1939,312994.6645,272749.7968,686391.3156,582443.5878,249473.41199999998,254839.4286,225070.7376,350799.9974,429346.6828,190458.0263
unknown_072,340639.1457,220844.6226,75545.4319,115535.2152,139144.3651,203659.2283,132406.8831,141675.3614,74904.79537,157457.8358,64362.71042,52845.48037,152355.8502,191657.5338,222495.2055,186091.0219,287836.2989,439483.8069,102263.646,57205.4255,66202.98701,223954.2942,233495.9566,41203.97649
unknown_073,0.0,0.0,6046.952318,276298.9772,111409.0444,130178.8057,193706.2475,287037.9836,212237.7647,710775.2211,616383.4859,729849.2104,38854.633910000004,7938.784179,78262.76999,495453.0992,0.0,474125.7559,411084.1113,96308.55561,253973.9461,268983.54,301466.0408,438555.0943
unknown_074,8889466.264,9530854.805,7254212.511,6204617.442000001,5141178.807,6779001.546,6185196.256,5559772.004,5122544.222,6742432.092999999,6617513.788,4569370.329,4036967.019,6897025.731000001,6443315.427,7514424.362000001,9231839.89,7875648.834,5132006.506,3816536.0360000003,5228459.228,9607996.622000001,10414096.96,5972197.885
unknown_075,198972.8816,200570.8462,157637.6495,135455.8227,101961.6363,137222.3403,139063.3603,120313.6707,110515.3935,150326.1218,142679.2674,92285.89228,50500.006010000005,272937.8265,65562.37644,163123.0247,200037.9683,221081.2655,106874.0458,153473.3678,103770.1923,65084.60716,213252.6902,122315.1334
unknown_076,186754.3128,510719.6029,219496.9092,326217.6084,176540.6316,293137.0478,289324.5776,240135.2965,359784.3953,388628.6316,311764.2725,193943.2149,2798365.063,1401131.802,1448839.833,2065613.052,354762.1569,980939.3637,1874254.166,2793155.6760000004,2024621.98,288596.8605,518928.4429,1355082.896
unknown_077,137976.5566,450203.4475,139789.0314,238574.9413,120756.5405,204445.4563,204679.3177,167541.1079,163193.0771,158910.5717,225331.8648,70374.66397000001,2060752.19,1028956.146,1055542.522,1508364.245,253920.9665,698685.6163,1395263.293,2064794.8159999999,1498027.063,189923.7705,371640.958,1004492.923
unknown_078,197526.9454,15058.2924,733146.1928,464534.0359,480322.3673,843820.0218,1652149.746,753580.3366,721490.4476,660106.9598,1272182.979,1251195.013,272175.418,103526.3242,199416.4662,282603.4962,40512.49232,431542.0,493556.8341,306539.3654,568532.2839,433202.8313,118486.8187,276048.4484
unknown_079,504958.7893,467565.8511,572447.1041,124318.4137,454196.7319,752794.7766,441282.8725,168708.6748,106880.4129,147612.2499,127045.4512,92306.37647999999,1283256.571,1599193.9519999998,1707232.3059999999,1734331.948,598442.0198,1291138.076,2013299.935,1611434.449,1561033.8469999998,998379.7118,1099798.591,1907663.615
unknown_080,0.0,0.0,0.0,0.0,0.0,0.0,0.0,0.0,0.0,2933172.353,1968164.9719999998,0.0,0.0,0.0,0.0,0.0,0.0,0.0,0.0,0.0,0.0,0.0,0.0,0.0
unknown_081,213221.6315,191887.6474,146938.2376,155374.138,56411.611039999996,124507.663,116267.6547,74034.97386,51368.96959,203415.0658,137904.5417,114742.8971,91996.6729,74210.63382,62695.328910000004,159667.5005,57691.119170000005,167207.04,85000.01707,58048.134360000004,57946.3499,9046.674387000001,85094.2359,48776.0287
unknown_082,15542575.67,31038674.34,24830925.55,28429674.36,26324223.0,30422656.46,32796596.53,23786097.37,25373104.86,21821644.18,32832809.58,19200943.41,10262869.8,15376501.82,13244888.08,21736879.07,11714370.43,16835272.6,13995728.16,10720444.08,12828323.1,17658691.69,13301983.06,16413207.91
unknown_083,306578.4012,486942.1368,382666.2156,698261.2047,1439733.299,736771.8306,303382.0072,978792.4998,566274.4341,955247.2533,841725.6125,498461.9343,319901.488,364135.5246,229449.2505,107334.9577,536791.1048,714080.3961,100967.0622,642106.4895,189327.4853,386968.1226,360464.0529,89904.9948
unknown_084,317288.3778,104203.6454,336891.5105,191944.3125,0.0,146998.9991,163708.6585,202726.0076,160912.9057,24459.0,116892.7877,149592.3753,0.0,0.0,180505.9484,218721.6053,776918.1722,252954.3677,180864.8523,0.0,375770.7754,153364.0354,0.0,104650.7768
unknown_085,0.0,0.0,0.0,0.0,163051.3707,899864.0793,0.0,762612.7932,531483.5993,906189.4123,0.0,1002677.3570000001,0.0,0.0,0.0,0.0,0.0,0.0,0.0,0.0,0.0,0.0,0.0,0.0
unknown_086,1004897.735,935653.853,576882.8498,1476778.4219999998,1344115.9340000001,1678834.881,1119699.77,1344157.7140000002,881684.2592,1411449.8869999999,1574588.121,962783.9022,847289.9856,929596.2744,893703.3939,1234917.7140000002,1943712.741,1287593.325,837558.7366,669128.2681,1046980.391,951108.8998,1147176.377,621323.7179
unknown_087,90666.60951000001,226640.9641,130574.9726,235810.0546,89917.74121000001,166013.6096,108105.8788,100523.4927,90405.98647999999,121417.8395,135694.3209,167066.9725,288804.88,286164.0956,93250.94653,85454.98908,118032.0994,112948.8334,145854.8334,207818.8355,73991.23212999999,181810.2377,318908.3635,274806.9877
unknown_088,78565.70362,557843.3488,137769.5816,156842.9169,18566.88045,392521.578,360731.7286,412330.3924,158006.9126,138057.913,443691.6042,97904.05914,0.0,367244.953,291945.1025,453003.4757,559610.8652,55773.3723,0.0,74109.78094,75882.42146,297653.5364,91319.0169,266944.0
unknown_089,196704.9784,187548.3669,132515.2757,342328.4996,300819.127,287106.2012,189260.0519,230513.6446,151805.1684,331543.833,241659.5807,338815.8433,240096.0591,260235.444,232634.1405,249504.8994,598562.2621,312628.0463,131307.9302,121406.93199999999,169917.9515,356624.2297,361724.292,172798.8879
unknown_090,189138.9439,488112.3311,131632.6862,828486.9046,642111.4459,970422.4151,726583.6949,850611.8116,596484.552,1063064.832,891502.6273,581258.3314,1170308.345,778866.5083,965611.5096,1175575.572,1444282.6030000001,1007540.2009999999,997201.1757,375682.3202,1301161.659,1003843.22,1164824.66,561975.839
unknown_091,545077.9031,120718.4178,486384.3126,683241.2037,589378.9958,915244.8008,601772.1553,875661.9497,502479.0236,856488.0490000001,835217.0491,737946.9399,647228.4801,858855.6364,680614.7994,743265.7188,1444989.959,809286.3647,610176.0354,433697.742,835681.8272,340576.7016,548203.1633,316428.9534
unknown_092,0.0,191020.367,237143.3664,144763.8817,11531.9429,128024.96699999999,83692.82561,47906.19458,20185.17417,106313.5022,122857.685,224577.02899999998,120936.8391,152603.5022,225065.7116,127059.5291,58907.0,100790.1172,255001.2142,195392.8127,222944.688,107722.3036,140126.4054,157356.0845
unknown_093,349052.8442,702761.1767,644017.3898,593981.8959,1479477.4440000001,2238097.2290000003,776937.2639,3302352.27,1528001.407,3696162.955,1651775.216,2090910.189,0.0,619523.8341,236827.2583,498573.4618,143506.8967,539380.7697,73103.09761,61631.43325,234286.9587,351133.6977,348363.1034,4679.513074
unknown_094,599783.9406,567743.0521,884734.1014,569308.0343,202413.0214,235009.1825,592445.6093,420872.338,685774.2335,801796.1122,797560.3629,2661127.3430000003,1081007.425,249136.7823,518164.7727,380040.8692,0.0,472215.4916,983439.5283,928223.4814,1054960.1809999999,34530.601,303162.702,1200873.722
unknown_095,1025061.645,1020284.288,1471915.687,1067204.094,522109.1811,488259.9526,56315.418860000005,696492.3205,63916.6658,1479076.2380000001,1483608.386,4274990.571,1804623.041,521631.6132,939652.8278,35478.5795,114669.5781,46644.21983,1623760.9780000001,1529898.5369999998,1842058.9330000002,820043.6217,207764.3876,2020543.0380000002
unknown_096,0.0,0.0,0.0,578099.5962,788586.3159,922263.635,578185.3021,877564.4392,462728.3467,777669.9878,634508.1667,585841.8362,0.0,411566.7768,159172.593,965900.6371,810774.9945,723665.479,0.0,0.0,0.0,550458.8094,692759.7096,341211.5145
unknown_097,541517.1259,263546.3905,600357.9493,697344.2436,940303.1681,794920.6991,675576.708,1205307.156,583559.8385,1118015.187,901545.1436,765230.0466,502599.3803,534063.7754,500403.8598,1128940.006,1347253.9319999998,1213037.028,189498.0674,482449.8871,486434.4697,992718.7220000001,759088.5775,371071.3918
unknown_098,1221656.732,179274.0267,1427431.4630000002,785055.6085,860849.2347,665154.1517,648330.8201,1144205.762,540058.3752,1117912.2,870744.1479999999,718668.3679,449120.0459,650894.0356,717214.9855,823932.1539,1640685.646,1305642.443,564632.5628,439830.9841,735917.2005,858934.1495,1098945.396,517356.0169
unknown_099,261219.4584,398600.2969,297408.1257,338330.3263,283348.4522,359734.4954,0.0,331579.0865,0.0,213043.5202,167709.511,0.0,0.0,184477.9974,101536.9876,195159.7869,168234.7385,135163.8698,0.0,154805.0,72145.87385,128758.23800000001,159714.854,71435.85353
unknown_100,0.0,0.0,198142.06699999998,621601.4331,611142.9109,891776.2629999999,537979.2686,1058233.467,313047.1422,847581.9254,155876.9552,178709.3289,93750.78267999999,323154.5808,184342.7783,381025.4823,63738.47779,174523.0328,309041.834,265564.6731,128443.5855,249258.1697,278820.0346,87682.09251
unknown_101,578791.8175,531093.4183,517455.3249,779833.0241,678734.4489,855381.3802,870774.7658,911033.1616,704668.1575,923637.6304,772239.9804,637714.0181,333147.9578,517004.8625,445102.2827,80923.51176000001,723413.2209999999,618433.2321,333106.6593,418075.8959,363180.63,584110.8741,94634.91648,439333.9326
unknown_102,61803.87906,51354.61559,61155.517060000006,85377.02406,46913.15087,122231.881,116063.8157,123584.0127,94842.68999,141298.2701,172528.9445,116604.4204,200917.5211,212893.1323,188446.1375,244241.2773,345913.2799,312152.0637,159580.9077,124490.5549,166342.6685,145348.1946,195371.2758,157487.5037
unknown_103,175739.6148,193616.9456,284518.1714,188781.843,236058.6738,278686.2988,210809.2235,321809.5326,133578.6976,456062.8418,312111.0608,300979.3989,362714.32,473274.5988,390711.8093,496153.0222,622141.3398,560674.4870000001,393170.1501,517023.3736,414072.6441,431654.5869,527365.5064,306805.2559
unknown_104,325772.1734,7781057.915,4890994.956,1598696.834,6911436.522999999,72920.28607,6858050.704,132153.0,107967.8718,216023.5935,487476.6079,123975.0,123066.7981,10176676.85,9974061.795,10014625.02,12246797.8,10748336.34,64209.987720000005,1171514.861,8737564.67,9435657.837000001,97676.12018,196736.5109
unknown_105,361952.6937,0.0,0.0,861744.6259,618839.1510000001,387720.1957,303602.164,894269.8604,327888.6404,784231.4238,276531.8641,912561.0181,549332.4254,878821.4014,759383.5906,1115454.228,1160756.364,1291585.154,721987.772,462683.0529,839413.7134,978312.9386,1083221.362,468763.0327
unknown_106,76162.44909,68700.74719,81028.29804,239574.6066,169671.4494,181289.1601,285513.4591,152288.3221,237755.806,116480.3626,209661.5286,89923.09891,63334.21182999999,74840.74555,96001.80152000001,205883.7612,225776.7443,124414.5715,69921.27152000001,59491.3032,103085.6015,334496.0911,304058.8303,95367.91292999999
unknown_107,162473.6032,180942.5403,147860.9364,248012.9312,211543.7247,170163.4806,101367.5352,205971.3517,168187.3198,388669.5248,306099.1176,311755.5328,116911.457,262043.3139,265840.0943,333489.1798,306420.4812,455150.2294,217487.4788,223112.717,181577.4942,438860.8271,440778.7733,273879.1576
unknown_108,0.0,0.0,0.0,149774.5682,0.0,203395.098,0.0,179613.0322,0.0,271994.2978,0.0,0.0,0.0,308446.1607,191209.1177,551344.3003,397696.6632,793268.7431,184692.3401,0.0,184618.6323,315511.2865,663755.0905,343567.0942
unknown_109,375017.8194,444274.3718,298969.7965,132572.4729,0.0,43166.1172,95528.61534,0.0,498322.601,172815.9485,614293.9212,629266.5245,0.0,231736.3603,75214.16665,313367.1829,203320.1164,266670.5948,106507.524,88167.95358,280403.5251,519031.0253,194970.8162,64766.448229999995
unknown_110,541614.4036,309188.6122,630790.5193,246218.4114,938568.0141,422267.1438,219091.5395,245526.7465,0.0,665457.5703,0.0,0.0,417100.7075,300101.2199,128877.5146,90006.01698,160043.7372,0.0,146396.7754,747093.1495,283242.094,819065.9174,644735.9986,107553.0255
unknown_111,158316.8885,74431.91227999999,273641.4633,49223.82408,157004.8132,0.0,0.0,0.0,0.0,100949.6559,0.0,0.0,81316.23482,74815.42432,0.0,0.0,42443.711839999996,0.0,0.0,213346.5427,70103.16269,356905.5133,221967.8118,0.0
